seq,first,last,name,address,city,country,zip,phone,gender,age,date,
1,Sean,Dean,Kenneth Harmon,484 Unso Way,Seelrar,GU,84453,(664) 834-3207,Female,49,07/22/2062,
2,Mayme,Perry,Melvin Cruz,1241 Egzu River,Ebhatev,CO,08407,(560) 901-1148,Male,35,04/01/2021,
3,Addie,Gibson,Chad Webb,1487 Ejke Terrace,Uldeba,FR,85266,(808) 473-7636,Female,35,09/19/1934,
4,Sam,Romero,Derek Bass,1787 Ipum Pike,Fuabapo,CR,03332,(319) 201-9713,Male,52,05/18/1944,
5,Douglas,Patrick,Warren Duncan,1338 Kojeh Road,Iwgisag,WF,64057,(279) 325-1406,Female,34,09/11/2048,
6,Genevieve,Rivera,Matilda Russell,1904 Wihap Glen,Hosirbu,NE,50725,(403) 895-4937,Male,49,02/08/2004,
7,Lucinda,Haynes,Chase Bowers,546 Wapjir Plaza,Menkevfej,PG,07523,(249) 248-4614,Female,53,03/24/2039,
8,Clayton,Lucas,Jesus Murray,1139 Mabeb Plaza,Fafrizjug,UZ,23182,(503) 467-5487,Male,27,03/14/1956,
9,Hulda,Simon,Mollie Thomas,1861 Ipodu Parkway,Gewawde,TW,24651,(289) 443-7758,Male,20,06/06/1997,
10,Sue,Thompson,Florence Greene,988 Ezerik Loop,Kizahaw,AG,02927,(264) 301-2985,Female,41,07/09/1949,
11,Dale,Roberts,Lewis Cain,194 Hehwel Square,Latjubina,TG,31932,(517) 773-2667,Male,58,04/04/2045,
12,Mamie,Matthews,Bobby Soto,1144 Inoadi River,Uhboged,TF,12168,(834) 228-1133,Male,50,07/21/1966,
13,Mittie,Newman,Fred Campbell,1100 Sivaz Junction,Petpenep,GU,55733,(249) 616-5999,Female,42,01/09/2045,
14,Samuel,Norris,Jackson Lloyd,600 Cileh Grove,Hozaji,VN,99059,(457) 250-8579,Female,34,10/24/1907,
15,Nannie,Rodriquez,Glen Pope,939 Sulgun Point,Madcodiz,ST,38245,(324) 944-7258,Female,52,04/21/1924,
16,Carrie,Caldwell,Rachel Allison,994 Evifi View,Azeakiv,AF,03674,(248) 448-4955,Female,20,08/12/1957,
17,Gertrude,Schultz,Harriet Houston,582 Tiik Manor,Ogevakja,RU,33620,(839) 583-5086,Female,57,09/29/2070,
18,Francisco,Ferguson,Kyle Washington,349 Wiri Grove,Bugsuszuk,ME,05785,(615) 386-7367,Female,59,03/12/2064,
19,Isabella,Diaz,Mabel Berry,638 Sigavo Lane,Hobbajsi,SS,20129,(572) 936-3666,Female,23,10/05/1921,
20,Terry,Washington,Rodney Lyons,1949 Dohi Extension,Umursuj,XK,39035,(329) 309-7722,Female,23,01/23/2040,
21,Mario,Brewer,Clayton Miller,675 Mugo Park,Wereblu,CG,09508,(871) 337-4155,Male,53,05/13/1980,
22,Caleb,Webster,Nathan Harrison,1515 Albu Point,Fefauwi,RU,45007,(968) 608-3905,Male,52,12/21/1983,
23,Olive,Saunders,Joel Gibbs,40 Malu Grove,Hisewok,SC,99375,(610) 607-7110,Male,25,12/28/2030,
24,Myra,Adkins,Winifred Ryan,1947 Sidow Parkway,Vednevpa,KN,61571,(621) 547-9087,Male,55,10/29/1993,
25,Cynthia,Dean,Jeremy Moreno,1450 Fubo Glen,Uzigapciv,KW,79542,(646) 289-8006,Female,53,10/02/1917,
26,Max,French,Brian McKinney,578 Ajati Boulevard,Ucarirhi,CR,59866,(708) 983-8873,Female,52,06/13/2033,
27,Lillie,Massey,Bess Keller,1269 Muoj Trail,Abkejik,EC,06015,(207) 559-2496,Female,37,06/02/2056,
28,Danny,Klein,Olivia Williams,1704 Jetefo Lane,Ledsosnuf,IE,60937,(300) 944-6154,Male,59,08/23/1967,
29,Lilly,Weber,Olive Kelley,743 Oriza Heights,Zubopfib,PG,84636,(687) 819-2918,Female,57,02/07/2034,
30,Elsie,Ryan,Gavin Simmons,1414 Lopder Square,Fepiur,AX,37948,(348) 402-1005,Female,46,08/08/1984,
31,Walter,Stephens,Isaac Sims,1312 Isoced Path,Jucjuep,GS,33967,(443) 235-7014,Male,50,07/18/1967,
32,Flora,Pierce,Peter Ellis,944 Dibgim Terrace,Ipesijap,TH,17625,(605) 947-9325,Male,61,07/05/2053,
33,Brandon,Love,Rose Fleming,455 Sizhi Mill,Casocaj,PK,91044,(234) 532-7980,Male,37,11/27/2007,
34,Alex,Arnold,Vernon Evans,487 Bivu Parkway,Jawnige,SH,24424,(617) 778-6085,Male,39,10/04/1938,
35,Chase,Wolfe,Peter Phillips,606 Jiroj Mill,Wulzazho,AI,18127,(727) 271-3580,Female,47,02/28/1986,
36,Carrie,Lane,Christian Sutton,777 Didgoc Pike,Safundu,KI,64518,(826) 201-5234,Male,30,03/27/2014,
37,Earl,Morgan,Jim Romero,1760 Rindah Mill,Zancitreb,JO,55619,(486) 498-1522,Male,46,01/27/2065,
38,Anthony,Mills,Rachel Thompson,1585 Azodan Park,Habonza,PT,29960,(328) 580-9460,Female,44,05/03/1946,
39,Carlos,Stokes,Bertie Clark,1029 Tamti Point,Leotha,PY,16506,(775) 987-8138,Female,40,04/11/1951,
40,Victoria,Lloyd,Mollie King,454 Sifpen Lane,Mebefeh,HR,63456,(587) 462-6086,Male,61,06/26/2000,
41,Augusta,Lane,Ryan Davis,977 Wulutu Lane,Izueget,UG,89852,(961) 870-2075,Male,38,12/31/2042,
42,Viola,Shelton,Joseph Garza,1522 Tikwe Circle,Kewpotecu,EE,43553,(847) 576-5326,Male,37,05/29/1967,
43,Sylvia,Ruiz,Charlie Chapman,1048 Kamug Grove,Hubocfo,BL,33337,(246) 608-3955,Female,25,07/26/1939,
44,Bessie,McDonald,William Harmon,1753 Codo Terrace,Ekaziab,MW,69567,(256) 899-8271,Male,53,04/25/2011,
45,Landon,Rodgers,Tony Conner,1659 Ditna Manor,Zajazow,PL,13640,(284) 689-3929,Male,46,04/08/2013,
46,Landon,Buchanan,Addie Alvarez,1263 Ruzud Pass,Rehinav,MM,28670,(521) 366-3939,Male,41,07/12/2039,
47,Marion,Clayton,Jeffrey Warren,1471 Zepu Trail,Getarru,ES,38418,(433) 707-7231,Female,48,12/03/1963,
48,May,French,Chris Vaughn,1375 Kukuc Grove,Piewmom,BE,56289,(562) 279-9315,Male,59,11/09/1930,
49,Mabel,Hawkins,Lester Morrison,295 Udamo Turnpike,Hawcuzvi,SY,41353,(977) 351-9828,Male,55,02/08/1905,
50,Max,George,Logan Sherman,1035 Supu Avenue,Hihcuip,GB,69200,(923) 877-4241,Female,52,09/23/1989,
51,Mittie,Gordon,Derek Romero,1134 Bonku Pass,Gunmuktac,MT,67703,(465) 335-2269,Male,58,04/21/1987,
52,Cecelia,Moody,Rena Fernandez,1470 Zigeh Circle,Bajlijne,LC,59785,(677) 858-1137,Female,27,10/25/1938,
53,Bess,Chapman,Philip Edwards,158 Cikkos Terrace,Cejulove,CM,01472,(915) 352-1762,Male,62,10/26/2026,
54,Margaret,McCarthy,Calvin Hampton,742 Sepves River,Saaliwo,ME,68634,(435) 683-6475,Male,34,12/29/2065,
55,Milton,Carroll,Grace Fowler,1660 Egaga Highway,Dazadpi,JP,04097,(577) 573-8448,Male,50,04/01/2000,
56,Alma,Douglas,Sean Holland,808 Lodog Boulevard,Ikiepefub,SA,81462,(944) 841-9642,Male,49,09/18/1946,
57,Jesus,Holland,Derek Grant,1069 Cujoj Circle,Ahwida,TG,53929,(329) 824-3160,Male,31,04/18/2034,
58,Mabel,Cortez,Lilly Miller,442 Humbik Road,Ibojasu,CX,11168,(668) 700-9635,Male,65,05/12/1904,
59,Jeremy,Vega,Madge Bell,1172 Wozsor Drive,Sedesmez,GS,33296,(257) 360-4356,Male,29,06/25/1924,
60,Fred,Woods,Clifford Fletcher,1285 Fazwid Avenue,Kojokir,CM,47094,(546) 234-8483,Female,52,03/21/1954,
61,Patrick,Gonzales,Bruce Butler,1455 Habe Key,Vizisop,VC,09248,(539) 549-5171,Female,32,12/31/1903,
62,Adrian,Blake,Virginia Joseph,1030 Ovomu Place,Dabuol,CG,43932,(668) 453-4087,Female,37,03/29/1961,
63,Jimmy,Richardson,Jean Chavez,774 Lizlov Manor,Korabcor,SX,11916,(258) 555-7510,Male,60,07/13/2009,
64,Hilda,King,Noah Phelps,1422 Weko Key,Kusnomja,MT,49761,(816) 911-7890,Female,47,07/03/1976,
65,Hester,Jenkins,Dora Rowe,346 Nirij Boulevard,Afzowewe,EH,29860,(243) 937-9139,Male,54,04/21/2008,
66,Manuel,Spencer,David Brock,1464 Obror Trail,Usjuebi,MC,52695,(429) 248-1856,Male,31,06/25/1997,
67,Lina,Robertson,Lloyd Tate,815 Kaloz Key,Cuwkesu,KR,75939,(563) 974-3185,Male,45,04/18/2000,
68,Carrie,Briggs,Evelyn Foster,447 Mizu Center,Lowbepu,CN,58084,(952) 549-4272,Female,37,02/21/2009,
69,Katharine,Brewer,Winifred Morales,1672 Deve Street,Rerosdaw,WF,00314,(488) 862-1741,Female,41,09/23/1986,
70,Adrian,Brock,Catherine Hawkins,439 Laco River,Dabotwun,GF,32097,(513) 536-8644,Female,33,10/05/1935,
71,Lloyd,Lane,Hettie Matthews,561 Abenah Heights,Puzonde,LS,65210,(725) 488-4401,Female,27,07/28/1927,
72,Phillip,McCarthy,Martha Fowler,425 Tepkas Court,Vowupeg,GQ,82141,(815) 256-3760,Male,18,08/10/1977,
73,Dollie,Greene,Nettie Morales,633 Gehvu Extension,Mankuwlom,IS,13521,(589) 724-1435,Male,40,04/28/1906,
74,Benjamin,Vega,Ian Cobb,821 Loof Loop,Sudsigvap,SH,49164,(315) 282-1975,Male,28,12/08/2038,
75,Paul,McLaughlin,Francis McKenzie,829 Nabem Ridge,Hipnolec,KZ,93958,(589) 436-1128,Male,51,10/02/2049,
76,Sallie,Fitzgerald,Rhoda Simon,692 Mingu Way,Zajujneg,IL,05174,(440) 685-4544,Male,46,12/13/1945,
77,Max,Edwards,Brandon Wilkins,1054 Zastu Plaza,Jikume,IE,20481,(286) 928-7072,Female,55,07/19/1940,
78,Jose,Thornton,Todd Harmon,1775 Heme Ridge,Obarorar,MQ,05612,(287) 933-5256,Male,57,04/26/1901,
79,Darrell,Pope,Betty Cruz,1111 Hezul Terrace,Witahav,XK,91610,(232) 785-2682,Male,42,10/15/1908,
80,Madge,Morton,Jackson Moreno,106 Uclu Pass,Fugecon,CV,68054,(489) 791-2590,Male,19,08/10/1991,
81,Jesus,Fields,Gene Horton,1280 Ebaja Highway,Satkeabe,DO,46108,(810) 698-1526,Female,38,10/25/2032,
82,Fanny,Nash,Myrtie Gregory,1772 Jonrov Street,Debecub,UZ,34477,(875) 675-6479,Female,33,05/15/1931,
83,Melvin,Chambers,Shawn Bryant,1115 Jokda Path,Pojaceh,DZ,84721,(559) 600-3712,Female,47,07/08/1917,
84,Shane,Griffith,Sophie Abbott,710 Rire Park,Jujauv,AC,64936,(683) 988-3668,Female,49,06/22/2070,
85,Sophie,Harrington,Elva Bryan,1359 Alkon River,Rizlihe,PY,33901,(917) 783-5351,Female,39,06/18/2063,
86,Fanny,Bradley,Tyler Ramsey,1395 Zimpov Ridge,Ujucadop,BR,09351,(501) 451-8602,Female,27,05/26/2070,
87,Isaac,Jennings,Pauline Hale,52 Pejipu Path,Ogizibim,VI,76533,(938) 769-9275,Male,61,12/17/1957,
88,Calvin,Butler,Jim Owen,1255 Kuzel River,Cazodfo,SH,64126,(821) 934-8952,Female,40,12/14/2024,
89,Elizabeth,Wilkins,Bess Parks,16 Mize Park,Ahuhiti,CF,54518,(785) 670-2959,Male,45,03/03/2043,
90,Sally,Wood,Linnie Schwartz,1658 Geto Circle,Kaolepew,TD,26073,(533) 924-5758,Female,60,07/09/1931,
91,Daisy,Hamilton,Garrett Morgan,466 Ceti Square,Ikewivi,NU,53496,(510) 586-6257,Male,23,01/11/1930,
92,Inez,Smith,Myrtle Huff,781 Paamo View,Orvagfo,IL,18379,(713) 569-6895,Female,54,07/21/1917,
93,Edgar,Vasquez,Paul McBride,1416 Kihri Plaza,Hobema,ZM,28389,(553) 716-3091,Male,36,01/24/1925,
94,Maud,Parsons,Ricardo Reynolds,1755 Rathi Drive,Ewahagid,SV,56476,(225) 833-6586,Male,26,11/27/2068,
95,George,Morgan,Millie Long,1118 Fotza Extension,Zelalwi,FK,45253,(875) 552-7984,Female,22,01/15/2060,
96,Winnie,Atkins,Francis Mendez,1804 Irarad Boulevard,Lellotat,MW,76554,(570) 388-3868,Male,51,07/11/2055,
97,Cory,Wallace,Eula Wade,316 Imiv Lane,Lalnewoz,EE,46913,(762) 622-4550,Male,30,06/25/1968,
98,Rosa,Schneider,Jeremy Townsend,184 Niropu Glen,Joejwi,LB,55147,(415) 683-1059,Female,57,05/18/1999,
99,Vincent,Daniels,Lizzie Carroll,1496 Onajo Circle,Tosozib,CA,65658,(628) 394-5372,Male,60,05/27/2034,
100,Flora,Gibbs,Rosetta Rodriguez,1282 Fedwid Terrace,Wukophi,CA,49490,(736) 287-9076,Female,41,06/11/2058,
101,Kathryn,Patton,Jerry Gray,514 Hepeni Highway,Pehwilob,SX,21824,(762) 752-1141,Male,22,05/30/1932,
102,Bertha,Mitchell,Chris Martinez,1444 Ilmu Turnpike,Leonjev,BZ,20657,(335) 229-7341,Male,38,01/28/2004,
103,Ray,Matthews,Lelia Grant,991 Wazdoh Road,Ocbizgav,LB,48534,(472) 235-3063,Female,37,03/30/2025,
104,Georgia,Edwards,Eleanor Norton,461 Leohu Road,Penaga,JM,25860,(360) 797-9942,Female,25,02/10/1980,
105,Vincent,Gonzales,Corey Nichols,1215 Eves Park,Jacivfe,SO,74305,(687) 626-7887,Female,53,05/21/1977,
106,Genevieve,Saunders,Ola Jennings,667 Vanbeg Pass,Nipezisa,IS,91387,(369) 947-6634,Female,65,10/26/1908,
107,Johnny,Sanders,Trevor Young,209 Holral Street,Roevin,SC,74955,(817) 938-4198,Male,26,06/04/1911,
108,Mina,Nichols,Mary Pierce,746 Rumci Terrace,Zaseofa,PE,64724,(402) 939-4233,Female,28,12/31/2033,
109,Brandon,Saunders,Tom Clark,1320 Odmup Center,Vomero,SO,36310,(773) 228-2625,Male,62,08/10/2023,
110,Cody,Cole,Susie Love,460 Dowfa Extension,Zeleked,CD,62640,(271) 213-6916,Female,52,08/05/1993,
111,Dollie,Swanson,Lee Hall,108 Efje Circle,Haflikel,DO,22273,(560) 623-2434,Male,23,08/02/2048,
112,Antonio,Miller,Delia Nunez,1407 Rihen View,Safhiije,ZM,78581,(660) 415-2245,Male,64,08/23/2016,
113,Patrick,Meyer,Julian Logan,254 Hirwu Point,Wizfomhuc,SM,40668,(922) 755-9375,Male,38,07/13/2052,
114,Blanche,Burke,Richard McKenzie,1070 Vebtug Loop,Ecaelusis,DM,10543,(474) 863-1236,Male,47,09/15/2046,
115,Harvey,Murphy,Claudia Flowers,838 Tiot Street,Wifkeze,GU,30673,(215) 890-2943,Male,19,06/13/1948,
116,Sam,Bailey,Brent Hawkins,663 Solaj Key,Geciche,GG,24737,(643) 437-4638,Male,23,03/17/2060,
117,Terry,Payne,Maud Collier,801 Nejci Highway,Wizoem,GM,87051,(627) 516-7305,Male,32,01/14/2064,
118,Mae,Townsend,Callie Guerrero,649 Pokva Highway,Pifpuvboc,BL,62997,(602) 972-5507,Male,23,02/28/1981,
119,Bernard,Kelley,Hallie Edwards,434 Tifpig Plaza,Tivigda,CX,67066,(723) 671-4668,Female,24,02/18/2049,
120,Rose,Ryan,Lydia Obrien,984 Wito Street,Kitkede,ER,83666,(373) 902-2016,Female,45,02/28/2033,
121,Daisy,French,Rodney Wilkerson,512 Vuopi Highway,Nehijeh,AU,03218,(652) 928-6913,Female,20,04/02/2042,
122,Leroy,Owens,Walter Chandler,814 Wocci Glen,Titjilotu,IR,47256,(831) 589-6220,Male,62,02/08/1902,
123,Minerva,Hampton,Marcus Baldwin,376 Vebuc Highway,Siknibuto,IR,36550,(946) 241-2992,Male,40,12/31/1906,
124,Willie,Benson,Evan Hogan,1250 Icila Key,Dutdomto,CA,83824,(324) 280-2775,Male,28,05/12/1972,
125,Stephen,Reid,Elijah Torres,1284 Edahin Place,Arodani,UG,82434,(210) 924-7343,Female,22,12/18/2055,
126,Samuel,Dunn,Ian Henry,758 Iweis Ridge,Tolamre,VC,97998,(547) 760-4183,Female,64,06/23/1963,
127,Olivia,Floyd,Jennie Brooks,1604 Ufeim Grove,Tedagu,PR,29431,(646) 439-1661,Male,58,04/02/1975,
128,Scott,Mendez,Harriet Williamson,705 Atesa Pike,Zoelokeb,CW,05038,(337) 991-9253,Female,61,02/22/1917,
129,Bradley,Holmes,Marvin Meyer,1145 Camo Key,Ubsabal,GW,43806,(603) 565-6213,Male,39,06/21/1927,
130,Jason,Sims,Hester Maldonado,563 Pola Avenue,Kuweduzi,RO,21014,(214) 709-9178,Male,36,03/02/1975,
131,Eula,Summers,Scott Brooks,1972 Eddib Square,Zitpovfe,KE,92223,(953) 952-2546,Male,21,06/08/2069,
132,Marion,Lloyd,Mitchell Nelson,1831 Egises Terrace,Ravowig,BA,03891,(378) 913-1390,Male,52,04/21/2057,
133,Alta,Ingram,Louisa Hawkins,91 Niwoh Turnpike,Musezol,KY,77729,(805) 908-5620,Male,26,09/11/2065,
134,Francis,Diaz,Eugenia Mann,1227 Gupuba Avenue,Nucnise,KY,26168,(563) 567-7229,Male,46,10/09/1932,
135,Maria,Collier,Ida Thornton,508 Uszan Lane,Tahafgol,SJ,00348,(629) 623-9376,Male,40,01/13/2063,
136,Jorge,Warren,Frank Ingram,67 Etail Center,Hogazul,KR,53312,(561) 346-7579,Male,49,08/28/1968,
137,Louisa,Bradley,Mable Summers,75 Suhewi Path,Bunosod,LT,68589,(286) 918-4369,Male,22,01/16/2015,
138,Roxie,Murray,Leo Cortez,576 Relpe Heights,Rozpafej,CA,05493,(487) 569-9362,Male,52,01/20/2040,
139,Terry,Webb,Eric Gregory,1400 Oklo Plaza,Tidpaeje,ET,41163,(432) 384-7316,Male,58,01/09/1998,
140,Chester,Nash,Micheal Banks,1848 Ipwa Boulevard,Supcefe,RO,97886,(411) 491-6461,Male,61,01/01/2013,
141,Ola,Potter,Derek Stewart,165 Gowsoz Extension,Pavelana,BO,47424,(529) 786-1995,Male,49,09/09/2004,
142,Seth,Pierce,Harry Smith,1701 Sobmob Ridge,Sagvuvi,GE,92874,(252) 921-4323,Male,54,07/11/1965,
143,Etta,Hall,Johanna Greene,942 Fetol Center,Fanosefaf,HN,60472,(761) 589-8383,Female,47,05/28/1964,
144,Callie,Carpenter,Pearl Pittman,1555 Fiwmi Key,Jidicuv,MU,73098,(487) 466-5064,Female,21,07/26/1922,
145,Frances,Hodges,Irene Reynolds,1821 Pepzaz Center,Ruwitcop,BT,11541,(677) 517-5588,Female,21,12/02/2020,
146,Owen,Knight,Joseph Burns,201 Pidcun Mill,Gujiso,GR,19760,(607) 828-6868,Female,56,05/31/1961,
147,Lily,Clarke,Charles Sherman,1228 Defnom Point,Zobciig,AR,43948,(342) 872-4305,Male,50,12/24/2052,
148,Jorge,Kelley,Scott Estrada,955 Nodsap Junction,Ezkiuja,GQ,99982,(903) 705-2875,Male,21,02/20/1946,
149,Aaron,Jensen,Benjamin Christensen,1609 Nunuj River,Gabucda,IL,11564,(361) 221-2234,Female,51,11/13/2000,
150,Gregory,Massey,Benjamin Dunn,859 Imun Grove,Apusabso,ST,31690,(506) 287-6697,Female,52,11/23/2066,
151,Barry,Clarke,Augusta Wilkerson,547 Juwel Extension,Izmupi,BS,44477,(914) 600-5799,Female,53,11/08/1914,
152,William,Ferguson,Walter Nelson,644 Jeavu Glen,Ojgami,AG,52080,(983) 963-9252,Female,34,07/06/1923,
153,Eugene,Kelly,Julian Vasquez,1925 Uzso Heights,Tacigupo,BL,23077,(744) 289-5785,Female,59,09/24/1941,
154,Sue,Myers,Frances Greene,1101 Ijiju Grove,Vajlerruw,MA,12026,(202) 219-7131,Female,64,04/29/1996,
155,Jesse,Yates,Logan Allen,325 Laeb Turnpike,Lawivor,NP,10974,(520) 629-3491,Female,58,12/11/1956,
156,Warren,Smith,Lida Boone,53 Cior Mill,Osarucef,DM,44223,(938) 492-7974,Male,18,03/31/1970,
157,Hattie,Hudson,Charlotte Beck,106 Awpaf Highway,Vazampe,UG,36190,(966) 983-2640,Male,43,04/04/1979,
158,Lora,Gardner,Vera Guzman,979 Vanca Turnpike,Notonire,KN,81430,(811) 418-9638,Female,21,06/13/1956,
159,Willie,Day,Billy Copeland,1363 Gati Drive,Ugcekik,MG,80906,(614) 990-9734,Female,62,12/13/2058,
160,Jane,Fuller,Caleb Swanson,107 Sucime Parkway,Nakevi,NP,23397,(537) 537-3085,Male,60,05/28/1901,
161,Fanny,Fowler,Lora Hubbard,750 Gikup Street,Kibawidek,ID,98221,(683) 759-7677,Female,25,02/24/1988,
162,William,Pittman,Olga Washington,1322 Duwhu Ridge,Ekdusac,PT,48419,(304) 491-7044,Male,64,11/08/1991,
163,Sally,Bowman,Jim Phillips,78 Enepub Junction,Vezgatnag,BL,30654,(364) 295-2137,Male,21,10/31/1900,
164,Ruth,Spencer,Lelia Walker,1817 Piroj Mill,Gavvefgoh,MT,29558,(743) 503-8357,Male,43,12/13/2051,
165,Steve,Bass,Willie Morris,771 Masmur Circle,Kacjage,IC,45902,(767) 306-3965,Female,55,08/20/1909,
166,Flora,Pratt,Lida Patrick,864 Gihcu Circle,Gudarfav,RW,42312,(506) 611-3999,Male,54,10/03/2050,
167,Harry,Chandler,Jeff Mills,1134 Umahe Place,Awikuelu,AW,91628,(381) 600-9440,Male,28,11/26/2036,
168,Edith,Carlson,Edward Hubbard,1225 Wadvo Pass,Gobeku,NO,97145,(435) 467-4886,Male,25,07/24/2049,
169,Lou,Fuller,Garrett Garrett,57 Mapta Pike,Fokdosi,AS,09267,(231) 946-3509,Female,23,02/26/2056,
170,Randall,Floyd,Ray Erickson,1374 Zaboc Highway,Tocputveh,FR,57245,(234) 451-5747,Female,36,09/18/1936,
171,Alan,Fuller,Raymond Allison,1120 Kafdul Court,Cetuedo,MR,92826,(266) 749-5230,Male,51,05/23/1934,
172,Katharine,Gibbs,Cecelia Marsh,348 Ruzu Street,Kibkosefu,TR,82529,(387) 609-4238,Male,19,08/26/2050,
173,Douglas,Salazar,Ollie Perry,1107 Hukej River,Legrugtiw,GB,50243,(705) 424-1481,Female,49,11/10/1942,
174,Alta,Phelps,Verna Collins,1557 Lizin Square,Rehabum,AZ,68282,(212) 808-9102,Female,44,03/15/1940,
175,Jonathan,Houston,Craig Collins,1034 Tabowi Key,Cobpudgo,WS,33291,(509) 962-2800,Male,18,07/02/2050,
176,Jim,Watts,Christian McLaughlin,314 Meju Pass,Elwavili,SM,44452,(542) 458-4293,Male,56,05/03/2007,
177,Jane,Simpson,Elva Fitzgerald,174 Bujec Drive,Tiidceg,PT,22786,(636) 510-6574,Male,64,12/11/2067,
178,Katherine,Doyle,Virgie Flowers,906 Ucwu Road,Amruwvew,FO,90105,(729) 391-6450,Female,31,08/12/1900,
179,Bertie,Mullins,Zachary Gilbert,1495 Duzhiw Circle,Wialtel,RE,15757,(438) 794-3887,Male,33,11/01/1936,
180,Eliza,Kelley,Nina Garza,515 Fabge Pike,Ziifipa,VC,89630,(756) 770-3502,Female,42,01/24/2039,
181,Marguerite,Johnston,Fanny Cook,859 Fafob View,Kocjiof,MR,68124,(477) 516-3609,Male,36,03/27/2027,
182,Jared,Horton,Leroy Ramos,1647 Ruslul Manor,Zatwitoc,BT,52353,(815) 739-7526,Male,25,04/17/2051,
183,Eugenia,Williams,Roy Bowen,679 Wozza Pass,Juppovi,AD,67927,(880) 555-3231,Male,43,04/08/1903,
184,Harry,Dennis,Leo Fuller,1129 Iwiza Point,Tidrukaf,PY,67949,(813) 353-5037,Female,31,06/01/2051,
185,Jeff,Hopkins,Gilbert Miles,1516 Buura Path,Tehidu,NC,85440,(331) 992-6796,Male,22,06/09/1976,
186,Bess,Aguilar,Caleb Montgomery,1566 Eplaj Center,Vuralwa,PR,09432,(955) 936-5310,Male,40,12/15/2000,
187,Harriet,Benson,Steven Higgins,170 Lona Pike,Jikcomi,CU,87784,(869) 939-2033,Female,54,04/09/1975,
188,Glenn,Morris,Angel May,1448 Komkun Glen,Imimiuf,NF,96015,(445) 743-3011,Female,37,02/15/2012,
189,Eunice,Stokes,Harriet Roberts,777 Mivdi Extension,Bebidaw,SB,05202,(611) 541-5437,Female,41,04/29/1992,
190,Gregory,Hansen,Lucille Hanson,286 Kova Path,Tokkifo,CN,64936,(355) 268-7657,Male,33,07/03/1937,
191,Charlotte,Mack,Beulah Joseph,1597 Niza Avenue,Nemomik,BS,28381,(466) 874-8197,Female,44,04/22/2056,
192,Jim,Reese,Henry Reed,765 Ejoda Turnpike,Jogadpij,SO,34029,(473) 660-4653,Female,62,05/16/1940,
193,Leroy,Henry,Joel Warner,1916 Odoih Street,Worodi,LB,42200,(379) 567-7333,Male,45,06/19/2036,
194,Gussie,Long,Glenn Bailey,764 Rorupa Turnpike,Sirodu,TN,36807,(827) 680-8701,Male,42,12/12/1976,
195,Dale,Roy,Brett Ball,1809 Dian Turnpike,Hefwecja,LI,76024,(964) 318-6975,Female,62,02/05/1912,
196,Jimmy,Daniels,Emma Grant,763 Vaege Junction,Zejuav,IL,04503,(642) 526-9037,Female,29,03/10/2019,
197,Alma,Buchanan,Nicholas Pittman,257 Vogle Turnpike,Adjemal,NL,62298,(558) 549-5216,Male,29,10/16/1976,
198,Polly,Sanchez,Don Alvarez,926 Unzo Terrace,Doidkob,NF,12200,(618) 787-1919,Male,38,07/16/2029,
199,Harry,White,Johnny Ellis,917 Japhi Circle,Izegireb,BW,57591,(933) 998-9680,Female,59,06/25/1930,
200,Lawrence,Reynolds,Ada Valdez,1501 Fecov Center,Jutuzam,TA,75726,(408) 965-9804,Female,54,02/24/2061,
201,Christina,Washington,Carolyn Vaughn,538 Favre Mill,Eropuda,VN,77778,(469) 765-6264,Female,52,12/16/2041,
202,Mabelle,Perry,Gary Coleman,844 Wuzho Path,Aneziwo,IM,45738,(267) 264-3992,Female,30,12/05/1916,
203,Cecilia,Lloyd,Olga Elliott,1228 Venwis Trail,Kipobge,UA,86649,(309) 808-1893,Female,38,06/01/1966,
204,Alejandro,Davidson,Hettie Jennings,1335 Ehro Path,Memijtel,BZ,99747,(247) 298-4966,Female,27,08/03/2009,
205,Stephen,Woods,Edgar Mendoza,312 Imje Drive,Fofuzsaj,TD,59565,(438) 488-4495,Female,42,02/11/2065,
206,Harold,Kim,Earl Fletcher,1730 Rasew Loop,Daihejon,ZM,28675,(915) 718-8250,Male,46,03/07/1968,
207,Helena,Day,Cynthia Wheeler,327 Mahaz Lane,Vuctudi,TM,84473,(350) 922-7805,Female,51,05/20/1974,
208,Charles,Tyler,Matthew McGuire,171 Tiggu Heights,Cezutame,BF,44103,(214) 485-7332,Female,65,04/28/1900,
209,Cameron,Jones,Christian Wright,655 Isla Park,Dekeddud,MA,18067,(554) 929-5630,Male,40,10/16/1934,
210,Dennis,Spencer,Bobby Holloway,792 Womab Turnpike,Ihusevjiz,GW,59652,(227) 239-8490,Female,27,10/11/1930,
211,Christina,Holloway,Willie Harrington,304 Hecu Heights,Nagcadpa,GN,35481,(687) 859-9586,Male,32,03/06/2040,
212,Howard,Moreno,Danny Olson,1657 Nuzpe Path,Gapregon,LK,23471,(976) 255-3341,Female,40,04/09/2056,
213,Phillip,Armstrong,Eula Conner,1203 Fagur Parkway,Fospekdo,SZ,52689,(272) 479-5083,Male,20,02/10/2028,
214,Roy,Stanley,Cecelia Schultz,1769 Takop Ridge,Tafahofo,LR,32052,(840) 261-6676,Female,49,04/29/1939,
215,Charlotte,Barnes,Miguel Vasquez,980 Jakto Turnpike,Gofgibe,DM,12900,(475) 333-1992,Male,20,08/01/1917,
216,Louis,Walton,Jacob Jackson,1582 Viow Boulevard,Worjimve,ST,05927,(753) 836-3697,Male,41,06/10/1934,
217,Leona,Crawford,Sue Bowen,1061 Betin Drive,Diteke,CM,50111,(812) 898-1123,Male,22,12/27/1932,
218,Olga,Lee,Mina Leonard,15 Dahne View,Ovdipup,PR,91406,(725) 506-7549,Male,46,02/09/1980,
219,Danny,Fields,Jesus Wagner,989 Foho Road,Megsidsu,BR,19165,(887) 486-9734,Female,62,09/13/1993,
220,Helena,Welch,Bobby Morgan,1610 Rotu Plaza,Tudewi,BS,38565,(457) 986-2142,Female,31,05/15/1959,
221,Dominic,Rose,Troy Soto,1731 Hicu Junction,Hosenir,NF,17061,(221) 951-8402,Female,19,12/13/2070,
222,Jeff,Bass,Virginia Higgins,257 Icces Place,Litehek,DG,11772,(881) 969-1557,Male,63,03/31/1928,
223,Jean,Olson,Alice King,1882 Okuz Path,Humufueze,US,38994,(354) 750-4186,Male,51,01/15/2017,
224,Marvin,Caldwell,Maude Coleman,1510 Olvaz Circle,Tesjaswiw,TF,29832,(935) 512-7723,Female,29,03/15/1929,
225,Millie,Fisher,Rosie Sutton,510 Fujsi Loop,Siwiveho,CW,92406,(239) 640-5648,Male,55,03/23/2066,
226,Carlos,Lloyd,Georgia McGee,491 Jucba Place,Elkoaf,VE,68116,(601) 986-2140,Male,54,05/21/1949,
227,Eugene,Young,Linnie Maldonado,1460 Fenju Key,Jepolto,SZ,31083,(951) 398-6802,Male,49,05/08/1968,
228,Owen,Daniels,Minnie Gomez,508 Luso Point,Ifadibas,EH,18797,(327) 946-1662,Female,19,08/27/2012,
229,Claudia,Newton,Sophie Joseph,1468 Bifo Parkway,Ozebab,KP,50434,(970) 325-8883,Male,19,11/17/2015,
230,Linnie,Davis,Luke Hernandez,1942 Fezo Loop,Lujozha,DK,65103,(657) 942-3007,Female,33,03/10/1983,
231,Logan,Mack,Jared Hodges,237 Zusik Boulevard,Igibizno,RS,58495,(351) 204-2288,Male,57,02/21/2002,
232,Hallie,Potter,Adrian Hayes,619 Biin River,Ijeduni,MZ,76305,(742) 370-8640,Female,54,05/20/2050,
233,Bernard,Nash,Randy Marsh,1762 Ruse Key,Tuhrejfo,GW,21735,(247) 836-1353,Male,23,07/09/1954,
234,Francisco,Cole,Kate Cox,1141 Huek Turnpike,Sewmebi,NG,33007,(839) 312-4336,Male,55,04/27/1958,
235,Dennis,Bowers,Rose Douglas,1637 Kudoj Plaza,Limzacpe,KN,63235,(588) 382-5397,Female,44,07/07/1915,
236,Allie,Fernandez,Marguerite Morales,1808 Nucu Way,Nowsujam,GF,81907,(264) 930-9151,Male,53,11/05/2057,
237,Samuel,Hodges,Barry McDonald,1575 Jopcig Boulevard,Racbomego,VE,70071,(263) 461-3069,Female,47,03/30/2025,
238,Nelle,McKenzie,Glenn Welch,941 Rubaz Key,Jarefcij,GQ,29474,(617) 620-6830,Male,48,11/19/2058,
239,Matilda,Watson,Bess Tran,307 Soheti Court,Vontukzen,NE,46467,(753) 462-8851,Male,38,10/17/2069,
240,Matilda,Griffith,Delia Rodriquez,1759 Ralmas Avenue,Ovujijo,CO,48953,(886) 270-5715,Male,24,06/16/2016,
241,Linnie,Ball,Kenneth Moore,1706 Fefev Court,Mivceceb,RU,89583,(628) 595-6785,Female,19,03/25/2006,
242,Warren,Reed,Henrietta Roberts,275 Jucno Plaza,Puhhoflah,KY,76580,(652) 636-7413,Male,27,10/11/2035,
243,Elva,Tucker,Hallie Blair,462 Magas Square,Zasojjap,DG,62195,(443) 955-5585,Female,43,10/27/1956,
244,Charles,Briggs,Darrell Chavez,156 Gulhaf Loop,Putuhdu,PM,13953,(335) 799-3815,Male,59,11/06/2006,
245,Rebecca,Norris,Beatrice Graves,532 Janwe Circle,Weforfu,EC,27302,(406) 817-6316,Female,49,06/18/2036,
246,Dominic,Roberson,Daisy Stanley,935 Coune Trail,Izegienu,DG,05872,(522) 609-7836,Female,52,04/18/2028,
247,Bessie,Saunders,Chase Reed,662 Pates Way,Ojevucob,PL,57934,(512) 729-9469,Female,54,03/01/1986,
248,Paul,Lopez,Teresa Larson,1412 Jehdo Trail,Bevdarbo,VN,57289,(626) 925-9803,Female,27,02/01/1974,
249,Ivan,Garcia,Lola Parks,1697 Velwo Avenue,Asozontaw,LS,83699,(767) 881-4074,Male,36,03/07/1977,
250,Jerome,Hall,Angel Hale,342 Vebdaf Drive,Vijizim,SD,28134,(560) 942-6937,Female,55,04/13/1918,
251,Hettie,Romero,Clyde Welch,1536 Unlun Pass,Lociik,LB,93652,(980) 293-9153,Male,59,02/09/1939,
252,Marcus,Montgomery,Janie Reynolds,1288 Mulof Manor,Nodlejuf,RS,27312,(463) 863-3272,Female,35,10/22/2052,
253,Florence,Garza,Maurice McDonald,586 Baze Ridge,Uhoseofi,JO,04741,(687) 745-1772,Female,62,01/27/1934,
254,Vera,Reese,Maggie Waters,1573 Tosu Parkway,Zitidze,RW,36659,(777) 824-5438,Female,30,02/12/1942,
255,Lee,Stokes,Tom Stephens,1572 Caav View,Ogloljo,PS,26245,(662) 411-9426,Male,61,12/05/1934,
256,Mike,Wolfe,Iva Willis,1375 Gotif Plaza,Werucut,CH,95857,(403) 769-8849,Male,62,07/17/1944,
257,Adam,Myers,Katie Cruz,189 Bofni Trail,Soppofni,HR,54317,(972) 336-8979,Female,20,06/08/1954,
258,Troy,Henry,Adele Wright,1105 Cuhili Parkway,Coimsut,PT,87094,(951) 584-6743,Male,63,09/10/1928,
259,Donald,Rios,Matilda Cain,554 Duri Extension,Hiwozis,QA,66158,(209) 639-1952,Female,42,06/30/2004,
260,Rhoda,Tate,Russell Shaw,353 Ufocek Junction,Gaofijif,EE,86361,(981) 442-6321,Male,40,11/30/1986,
261,Alice,Ortega,Genevieve Collier,959 Ovmon Terrace,Vuefpi,BF,66452,(459) 524-2990,Male,55,02/07/1999,
262,Gene,Allison,Katherine Hansen,732 Sihraf Pike,Wifauk,NO,44172,(532) 655-4767,Male,65,07/31/1961,
263,Harriet,Wise,Charlotte Evans,2000 Vucec Boulevard,Ugakieti,SL,06666,(879) 566-3998,Male,34,02/23/1962,
264,Norman,Riley,Lewis Williamson,1272 Dote Grove,Gazevac,MF,25342,(875) 258-8805,Male,64,04/21/2032,
265,Jeff,Gardner,Lee Fields,1199 Nurven Square,Pafezih,EG,89708,(828) 788-6320,Male,62,02/17/1958,
266,Gussie,Wise,Jeffery Black,80 Hiloj Street,Ossiuho,MQ,27499,(733) 378-1268,Female,46,01/17/2065,
267,Clarence,Williams,Russell Stephens,540 Lokov Pike,Iteewoeja,LC,80099,(967) 271-9492,Male,26,12/14/1975,
268,Jeffery,Cross,Carl Morales,180 Doba Circle,Nubuzeb,BM,35751,(544) 364-5332,Female,30,02/04/2067,
269,Chris,Richards,Alvin McBride,1944 Luptad Parkway,Enufapwef,AL,68101,(639) 507-4630,Male,57,12/02/2013,
270,Christina,Scott,Melvin Tran,1263 Zanon Highway,Pefniunu,TT,21401,(302) 608-3631,Male,52,11/02/1916,
271,Alan,Spencer,Clyde Norris,1890 Podeg Heights,Wimtukil,CK,61615,(321) 667-8913,Male,21,09/15/1937,
272,Cora,Klein,Marcus Summers,1139 Kicuhi Heights,Huzehi,BO,63827,(625) 852-3640,Female,34,10/18/1913,
273,Matilda,Barber,Maud Vasquez,192 Elale Drive,Cehigme,ZA,41226,(327) 319-2564,Female,36,12/24/1910,
274,Barry,Vega,Olive Ingram,1400 Foat Drive,Hircoraz,HN,96991,(417) 224-8608,Female,46,01/19/1948,
275,Minerva,Sims,Aaron Brock,848 Omovo Way,Ifrohoc,GW,44790,(388) 299-5086,Female,28,08/23/2062,
276,Birdie,McDaniel,Sarah Richardson,491 Home Loop,Wagercen,LI,69522,(801) 752-4378,Female,31,01/23/1922,
277,Jay,Graham,Lottie Graves,1075 Gugor Loop,Uvuibegas,DG,78276,(414) 218-3973,Female,18,09/26/1917,
278,Amy,Edwards,Olivia Newman,1083 Iwunu Trail,Gopzehhi,BQ,80261,(577) 408-4237,Male,43,03/19/1953,
279,Herman,Chandler,Harvey Hunt,1075 Oton Park,Lesuhouso,SM,16984,(423) 623-2605,Male,61,09/24/1966,
280,Sally,Adams,Terry Dixon,810 Cilvid Pass,Fidereb,PT,86369,(715) 632-9564,Female,41,03/26/2001,
281,Joel,Cummings,Viola Guzman,858 Ifenuv Key,Ozmujbom,HR,28488,(809) 915-6222,Female,64,09/26/2010,
282,Rosetta,Gross,Loretta George,378 Azke Drive,Racodag,ER,89655,(348) 213-6218,Male,33,11/24/2031,
283,Marguerite,Wade,Lina Snyder,1928 Wuwif Junction,Ogtimib,MN,05951,(851) 617-5722,Male,20,08/23/2061,
284,Julian,Patrick,Leila Anderson,1138 Rodpe Pass,Femkigta,UG,98320,(877) 772-4855,Female,62,05/26/1920,
285,Jay,Ferguson,Ricardo McGuire,830 Muvesu Trail,Casapoka,CG,92352,(630) 227-6649,Female,61,06/23/2021,
286,Lenora,Martinez,Edgar Ferguson,1291 Guop Loop,Ekihoif,GI,66070,(889) 499-6637,Female,53,04/01/1943,
287,Terry,Schneider,Clayton Douglas,1807 Omzob Loop,Eglifzet,PR,04999,(248) 598-9759,Female,30,07/07/1919,
288,Carolyn,Buchanan,Howard Dawson,751 Dedru Avenue,Uresovdup,GT,49472,(565) 800-5666,Male,23,02/07/1997,
289,Chad,Hopkins,Janie Fleming,1899 Kukon Place,Rasuasi,NZ,94294,(207) 263-6864,Female,34,06/16/1956,
290,Gene,Aguilar,Lelia Lewis,1689 Buvaz Lane,Cowice,MY,60041,(547) 620-2430,Male,18,06/28/2051,
291,Peter,Davidson,Hannah Wheeler,368 Hupaw Extension,Nesizzi,CU,89917,(314) 867-5178,Male,28,10/25/1908,
292,Andrew,Chambers,Hunter Dennis,1521 Puas Place,Nommukmuv,TT,73320,(766) 272-5738,Male,32,09/19/2064,
293,Jessie,Fisher,Ricky Butler,1550 Fubro Path,Geluvew,WF,36016,(928) 604-2560,Male,19,09/17/1926,
294,Mario,Horton,Ian Joseph,1164 Tuciv Plaza,Iwofelon,GY,68237,(549) 729-8524,Male,32,11/06/1952,
295,Lewis,Jones,Hilda Copeland,1449 Mawic Turnpike,Liopne,IT,70477,(880) 405-7034,Male,63,04/27/2044,
296,Duane,Price,Madge Anderson,1743 Imofoh Boulevard,Hoovwep,TZ,44014,(514) 357-2792,Female,41,04/05/1947,
297,Amelia,Garza,Dennis Ellis,706 Celzih Court,Fiprecet,MO,10491,(588) 601-9655,Male,58,04/09/1954,
298,Justin,Steele,Samuel Hodges,859 Uvwin Ridge,Kahozaw,SS,37997,(859) 357-3781,Male,30,02/11/2046,
299,Elnora,Wade,Lenora Conner,775 Zupcoc Pass,Apzeve,GF,66908,(215) 414-1756,Female,44,03/19/2018,
300,Jane,Lyons,Fred Gill,1813 Noja Park,Tivizuhuf,PH,60816,(571) 584-2376,Female,31,03/28/1936,
